year,title,authors,venue,pdf_url,pdf_file,size_bytes
2026,Taming the Recent-Data Bias: Towards Robust Time Series Forecasting with Global Context,"Longlong Xu, Zeyan Li, Xiao He, Zhaoyang Yu, Changhua Pei, Zhe Xie, Zijun Dou, Tieying Zhang*, Dan Pei","The 43rd International Conference on Machine Learning (ICML 2026), Seoul, South Korea, July 6 to July 11, 2026",https://netman.aiops.org/wp-content/uploads/2026/05/ICML26_TameR_20260520.pdf,ICML26_TameR_20260520.pdf,2213511
2026,Smart Eye: LLM-Guided Proposer–Verifier Framework for Industrial-Scale Log Anomaly Detection,"Changhua Pei, Hang Cui, Jingjing Li, Yuxuan Li, Zihan Liu, Xinyuan Liao, Cenjie Hu, Jiabao Wang, Zheyuan Li, Zexin Wang, Haotian Si, Ke Xiang, Gaogang Xie, Dan Pei WWW 2026, Dubai, UAE, Apr 13, 2026 – Apr 17, 2026 (CCF A)",,https://netman.aiops.org/wp-content/uploads/2026/04/2510.04710v1_11.pdf,2510.04710v1_11.pdf,7632909
2026,"See More, Forecast Better and Faster: Enhancing Time Series Foundation Models via Inference-Time Plug-and-Play Downsampling","Longlong Xu, Zeyan Li, Xiao He, Zhaoyang Yu, Dazhong Wen, Mingze Sun, Changhua Pei, Dan Pei*","The 43rd International Conference on Machine Learning (ICML 2026), Seoul, South Korea, July 6 to July 11, 2026",https://netman.aiops.org/wp-content/uploads/2026/05/ICML26_SPRINT_20260522.pdf,ICML26_SPRINT_20260522.pdf,3213360
2026,PerfScout: An Adaptive Workload Generator in Software Performance Testing,"Yongqian Sun, Qingliang Zhang, Xiao Xiong, Mengyao Li, Yimin Zuo, Shenglin Zhang*, Xidao Wen, Wenwei Gu, Huandong Zhuang, Bowen Deng, Ruiyuan Wan, Dan Pei","IEEE/ACM International Conference on Software Engineering (ICSE-SEIP), April 12-18 2026, Rio de Janeiro(CCF-A)",https://netman.aiops.org/wp-content/uploads/2026/04/PerfScout_to_ICSE_26_Camera_Ready.pdf,PerfScout_to_ICSE_26_Camera_Ready.pdf,2010071
2026,FoundRoot: Towards Foundation Model for Root Cause Analysis via Structured Deep Thinking,"Zhe Xie, Zeyan Li, Xiao He, Shenglin Zhang, Longlong Xu, Yuzhuo Yang, Tieying Zhang*, Jianjun Chen, Rui Shi, Dan Pei The 48th IEEE/ACM International Conference on Software Engineering (ICSE), April 12-18 2026, Rio de Janeiro (CCF-A)",,https://netman.aiops.org/wp-content/uploads/2026/01/foundroot_camera_ready.pdf,foundroot_camera_ready.pdf,1462477
2026,Eagle: Leveraging Operations Documents for Comprehensive Benchmark Question Generation,"Yuhe Liu, Changhua Pei, Hang Wang, Longlong Xu, Xiaogang Dong, Zhen Feng, Li Zheng, Kehang Ji, Dan Pei ACM International Conference on the Foundations of Software Engineering Industry Track (FSE-Industry 2026), Sun 5 &#8211; Thu 9 July 2026 Montreal, Canada",(CCF A),https://netman.aiops.org/wp-content/uploads/2026/04/Eagle__FSE_indu_camera_ready_0326.pdf,Eagle__FSE_indu_camera_ready_0326.pdf,1758073
2026,DIVER: A Robust Text-to-SQL System with Dynamic Interactive Value Linking and Evidence Reasoning,"Yafeng Nan, Zirui Zhuang, Qi Qi, Guojun Chu, Jianxin Liao, Dan Pei, Jingyu Wang SIGMOD2026, Bengaluru, India, on May 31 &#8211; June 05, 2026",(CCF A) 2025:,https://netman.aiops.org/wp-content/uploads/2026/04/2602.12064v1.pdf,2602.12064v1.pdf,2108695
2026,Bridging the Delay: Lag-Aware Spatio-Temporal Causal Inference for Microservice Root Cause Analysis,"Shenglin Zhang, Junhua Kuang, Yimeng Zhang, Sibo Xia, Jintao Feng, Jingyu Wang, Wenwei Gu, Yongqian Sun∗, Wei Li, Liping Zhang, Dan Pei ACM International Conference on the Foundations of Software Engineering Industry Track (FSE-Industry 2026), Sun 5 &#8211; Thu 9 July 2026 Montreal, Canada",(CCF A),https://netman.aiops.org/wp-content/uploads/2026/04/fse2026-industry-paper77.pdf,fse2026-industry-paper77.pdf,2281176
2026,AutoDA-Timeseries: Automated Data Augmentation for Time Series,"Zijun Dou, Zhenhe Yao, Zhe Xie, Xidao Wen, Tong Xiao, Dan Pei The 14th International Conference on Learning Representation (ICLR), Rio de Janeiro, Brazil April 23rd &#8211; 27th, 2026 (CCF-A)",,https://netman.aiops.org/wp-content/uploads/2026/04/AutoDA-Timeseries-AI-TIME-v2.pdf,AutoDA-Timeseries-AI-TIME-v2.pdf,3262576
2026,A Benchmark for Language Models in Real-World System Building,"Weilin Jin, Chenyu Zhao, Zeshun Huang, Chaoyun Zhang, Qingwei Lin, Chetan Bansal, Saravan Rajmohan, Shenglin Zhang, Yongqian Sun, Dan Pei, Yifan Wu, Tong Jia, Ying Li, Zhonghai Wu, Minghua Ma (ICSE2026-SEIP), Rio de Janeiro, Brazil, April 12-18, 2026",(CCF A),https://netman.aiops.org/wp-content/uploads/2026/04/2601.12927v1.pdf,2601.12927v1.pdf,1057802
2025,Triangle: Empowering Incident Triage with Multi-Agent,"Zhaoyang Yu, Aoyang Fang, Minghua Ma*, Jaskaran Singh Walia, Chaoyun Zhang, Shu Chi , Zei, Murali Chintalapati, Xuchao Zhang, Rujia Wang, Chetan Bansal, Saravan Raimohan, Qingwei Lin, Shenglin Zhang, Dan Pei, Pinjia He Conference on Automated Software Engineering (ASE), Sun 16 &#8211; Thu 20 November 2025, Seoul, South Korea, 2025",(CCF A),https://profile.aoyangfang.top/assets/publications/ase25/ASE_triangle.pdf,ASE_triangle.pdf,1441244
2025,Too Many Cooks: Assessing the Need for Multi-Source Data in Microservice Failure Diagnosis.,"Shenglin Zhang, Xiaoyu Feng, Runzhou Wang, Minghua Ma, Wenwei Gu, Yongqian Sun*, Zedong Jia, Jinrui Sun and Dan Pei","In 2025 IEEE 36th International Symposium on Software Reliability Engineering (ISSRE), São Paulo, Brazil, October 21-24, 2025",https://netman.aiops.org/wp-content/uploads/2025/09/Xiaoyu__Empirical_Study_on_Multi_source_Failure_Diagnosis.pdf,Xiaoyu__Empirical_Study_on_Multi_source_Failure_Diagnosis.pdf,1474266
2025,TechSupportEval: An Automated Evaluation Framework for Technical Support Question Answering.,"Bohan Chen, Yongqian Sun*, Yuhe Liu, Longlong Xu, Zhe Xie, Changhua Pei, Jing Han, Fan Ni, Xuhui Cai, Ce Yang, Dan Pei","IJCNN 2025, Rome, Italy, June 30-July 5, 2025 (TH-CPL B, CCF C)",https://netman.aiops.org/wp-content/uploads/2025/09/TechSupportEval.pdf,TechSupportEval.pdf,359206
2025,TShape: Rescuing Machine Learning Models from Complex Shapelet Anomalies,"Hang Cui, Jingjing Li, Haotian Si, Quan Zhou, Changhua Pei, Gaogang Xie, Dan Pei",In 2025 IEEE 36th International Symposium on Software Reliability Engineering (ISSRE 2025),https://netman.aiops.org/wp-content/uploads/2026/04/2510.00680v1.pdf,2510.00680v1.pdf,699035
2025,LogEval: A Comprehensive Benchmark Suite for LLMs in Log Analysis.,"Tianyu Cui, Shiyu Ma, Ziang Chen, Tong Xiao, ChenYu Zhao, Shimin Tao, Yilun Liu, Shenglin Zhang*, Duoming Lin, Changchang Liu, Yuzhe Cai, Weibin Meng, Yongqian Sun, Dan Pei",Empirical Software Engineering.(CCF B),https://netman.aiops.org/wp-content/uploads/2025/09/LogEval.pdf,LogEval.pdf,1506417
2025,Integrating GraphSAGE and Mamba for Self-Supervised Spatio-Temporal Fault Detection in Microservice Systems.,"Shenglin Zhang, Yingke Li, Jianjin Tang, Chenyu Zhao, Wenwei Gu, Yongqian Sun* and Dan Pei","In 2025 IEEE 36th International Symposium on Software Reliability Engineering (ISSRE), São Paulo, Brazil, October 21-24, 2025",https://netman.aiops.org/wp-content/uploads/2025/09/Integrating_GraphSAGE_and_Mamba_for_Self-Supervised_Spatio-Temporal_Fault_Detection_in_Microservice_Systems.pdf,Integrating_GraphSAGE_and_Mamba_for_Self-Supervised_Spatio-Temporal_Fault_Detection_in_Microservice_Systems.pdf,1075210
2025,DeST: An Unsupervised Decoupled Spatio-Temporal Framework for Microservice Incident Management.,"Xiaohui Nie, Hang Cui, Changhua Pei*, Haotian Si, Ke Xiang, Jingjing Li, Yanbiao Li, Gaogang Xie,and Dan Pei","In 2025 IEEE 36th International Symposium on Software Reliability Engineering (ISSRE), São Paulo, Brazil, October 21-24,2025 (CCF B)",https://netman.aiops.org/wp-content/uploads/2025/11/DeST_CameraReady.pdf,DeST_CameraReady.pdf,3222273
2025,Dan Pei*,FSE 2025,"Trondheim, Norway, Jun",https://netman.aiops.org/wp-content/uploads/2025/04/OpsEval_FSE_0421.pdf,OpsEval_FSE_0421.pdf,1492854
2025,Dan Pei,,"ACM SIGKDD Conference on Knowledge Discovery and Data Mining, Toronto, Canada, August 3-7, 2025 (CCF-A)",https://netman.aiops.org/wp-content/uploads/2025/05/KDD25-FlowXpert.pdf,KDD25-FlowXpert.pdf,1538058
2025,Dan Pei,", Zhengwei Gao, HanJing","ICML 2025, Vancouver, Canada, July 13–19",https://netman.aiops.org/wp-content/uploads/2025/05/2411.00278v1.pdf,2411.00278v1.pdf,1566361
2025,Dan Pei,", Gaogang Xie, Jianhui Li","ICML 2025, Vancouver, Canada, July 13–19",https://netman.aiops.org/wp-content/uploads/2026/04/2505.19090v1.pdf,2505.19090v1.pdf,4204883
2025,Dan Pei,,FSE 2025,https://netman.aiops.org/wp-content/uploads/2026/04/3696630.3728547.pdf,3696630.3728547.pdf,742255
2025,Dan Pei,", Pinjia He, Dongmei Zhang, Qi Zhang ICLR 2025, The Thirteenth International Conference on Learning Representations","Singapore EXPO, Thu Apr 24 – Mon Apr 28th, 2025(CCF A)",https://netman.aiops.org/wp-content/uploads/2025/05/13411_OpenRCA_Can_Large_Langua.pdf,13411_OpenRCA_Can_Large_Langua.pdf,1110745
2025,Dan Pei,,"IEEE Software Analysis, Evolution and Reengineering (SANER), Tue 4 &#8211; Fri 7 March 2025 Montréal, Québec, Canada,2025 (CCF-B) 2024:",https://netman.aiops.org/wp-content/uploads/2026/04/AIOpsArena.pdf,AIOpsArena.pdf,620331
2025,ChatTS: Aligning Time Series with LLMs via Synthetic Data for Enhanced Understanding and Reasoning,"Zhe Xie, Zeyan Li, Xiao He, Longlong Xu, Xidao Wen, Tieying Zhang*, Jianjun Chen, Rui Shi, and Dan Pei*","Proceedings of the VLDB Endowment (VLDB), Volume 18, 2025",https://netman.aiops.org/wp-content/uploads/2025/05/VLDB_2025_Camera_Ready-1.pdf,VLDB_2025_Camera_Ready-1.pdf,2805077
2025,Bridging Edge and Cloud: A Knowledge-Enhanced Framework for Efficient Time Series Anomaly Detection.,"Shenglin Zhang, Jiacheng Zhang, Guohua Liu, Shiqi Chen, Chenyu Zhao, Minghua Ma, Yutong Chen, Yongqian Sun*, Dan Pei","IEEE Transactions on Services Computing (TSC), BARCELONA July 6-11, 2025 (CCF A)",https://netman.aiops.org/wp-content/uploads/2025/09/Jiacheng__RefinedEdge_to_TKDE.pdf,Jiacheng__RefinedEdge_to_TKDE.pdf,2611979
2025,AetherLog: Log-based Root Cause Analysis by Integrating Large Language Models with Knowledge Graphs.,"Tianyu Cui, Ruowei Fu, Changchang Liu, Yuhe Ji, Wenwei Gu, Shenglin Zhang*, Yongqian Sun and Dan Pei","In 2025 IEEE 36th International Symposium on Software Reliability Engineering (ISSRE), São Paulo, Brazil, October 21-24, 2025",https://netman.aiops.org/wp-content/uploads/2025/09/Tianyu_AetherLog_to_ISSRE-3.pdf,Tianyu_AetherLog_to_ISSRE-3.pdf,1367653
2025,Adaptive Performance Regression Detection via Semi-Supervised Siamese Learning.,"Yongqian Sun, Mengyao Li, Xiao Xiong, Lei Tao, Yimin Zuo, Wenwei Gu, Shenglin Zhang*, Junhua Kuang, Yu Luo, Huandong Zhuang, Bowen Deng and Dan Pei","IEEE/ACM International Conference on Automated Software Engineering (ASE), Sun 16 &#8211; Thu 20 November 2025, Seoul, South Korea, 2025",https://netman.aiops.org/wp-content/uploads/2025/09/PIPCell_ISSRE_CameraReady_v5.pdf,PIPCell_ISSRE_CameraReady_v5.pdf,781890
2025,Adaptive Performance Regression Detection via Semi-Supervised Siamese Learning,"Yongqian Sun, Mengyao Li, Xiao Xiong, Lei Tao, Yimin Zuo, Wenwei Gu, Shenglin Zhang*, Junhua Kuang, Yu Luo, Huandong Zhuang, Bowen Deng and Dan Pei IEEE/ACM International Conference on Automated Software Engineering (ASE 2025), Sun 16 – Thu 20 November 2025, Seoul, South Korea, 2025",(CCF A),https://netman.aiops.org/wp-content/uploads/2026/04/Mengyao__SiameseLSTM.pdf,Mengyao__SiameseLSTM.pdf,825925
2025,Accurate and Interpretable Log-Based Fault Diagnosis using Large Language Models.,"Yongqian Sun, Shiyu Ma, Tong Xiao, Yongxin Zhao, Xuhui Cai, Wei Dong, Yue Shen, Yao Zhao, Shenglin Zhang∗, Jing Han and Dan Pei",IEEE Transactions on Service Computing 2025 (CCF A),https://netman.aiops.org/wp-content/uploads/2025/09/Shiyu__Accurate_and_Interpretable_Log_Fault_Diagnosis_using_Large_Language_Models-2.pdf,Shiyu__Accurate_and_Interpretable_Log_Fault_Diagnosis_using_Large_Language_Models-2.pdf,9013087
2025,A Comprehensive Benchmark and Empirical Study of Trace Anomaly Detection,"Yongqian Sun, Minyi Shao, Xiaohui Nie*, Kaiwen Yang, Xingda Li, Bowen Hao, Shenglin Zhang, Changhua Pei, Dongbiao He, Yanbiao Li, Dan Pei IEEE Transactions on Services Computing (TSC), DOI: 10.1109/TSC.2025.3622122, 2025","(CCF A) (A journal paper, no slides)",https://netman.aiops.org/wp-content/uploads/2025/11/TSC-TADBench.pdf,TSC-TADBench.pdf,4279431
2024,TimeSeriesBench: An Industrial-Grade Benchmark for Time Series Anomaly Detection Models.,"Haotian Si, Jianhui Li, Changhua Pei, Hang Cui, Jingwen Yang, Yongqian Sun, Shenglin Zhang, Jingjing Li, Haiming Zhang, Jing Han, Dan Pei, Gaogang Xie","2024 International Symposium on Software Reliability Engineering (ISSRE), Tsukuba, Japan, October 28th &#8211; 31st, 2024 (CCF B)",https://netman.aiops.org/wp-content/uploads/2024/09/2402.10802v3.pdf,2402.10802v3.pdf,1736071
2024,Self-Evolutionary Group-wise Log Parsing Based on Large Language Model.,"Changhua Pei, Zihan Liu, Jianhui Li, Erhan Zhang, Le Zhang, Haiming Zhang, Wei Chen, Dan Pei, Gaogang Xie","2024 International Symposium on Software Reliability Engineering (ISSRE), Tsukuba, Japan, October 28th &#8211; 31st, 2024 (CCF B)",https://netman.aiops.org/wp-content/uploads/2024/09/ISSRE2024_paper_129.pdf,ISSRE2024_paper_129.pdf,4313281
2024,Lindorm-UWC: An Ultra-Wide-Column Database for Internet of Vehicles.,"Qianyu Ouyang, Chunhui Shen, Wenlong Yang, Peng Yu, Qiang Xiao, Jianhui Lei, Yadong Chen, Qilu Zhong, Xiang Wang, Yong Lin, Qingyi Meng, Zhicheng Ji, Wei Meng, Cen Zheng, Sheng Wang, Dan Pei, Wei Zhang, Feifei Li, Jingren Zhou","VLDB2024, Guangzhou, China &#8211; August 26-30, 2024",https://netman.aiops.org/wp-content/uploads/2025/05/p1920-zheng.pdf,p1920-zheng.pdf,785127
2024,Guardian of the Resiliency: Detecting Erroneous Software Changes Before They Make Your Microservice System Less Fault-Resilient,"Guanglei He, Xiaohui Nie*, Ruming Tang, Kun Wang, Zhaoyang Yu, Xidao Wen, Kanglin Yin, Dan Pei IWQoS 2024","Guangzhou, China, 19–21 June 2024 (CCF B)",https://netman.aiops.org/wp-content/uploads/2024/11/1570994962-final.pdf,1570994962-final.pdf,2135174
2024,Giving Every Modality a Voice in Microservice Failure Diagnosis via Multimodal Adaptive Optimization,"Lei Tao, Shenglin Zhang, Zedong Jia, Jinrui Sun, Minghua Ma, Zhengdan Li, Yongqian Sun, Canqun Yang, Yuzhi Zhang, Dan Pei","2024 IEEE/ACM Automated Software Engineering Conference (ASE 2024), Sacramento, California, United States, October 27th &#8211; November 1st, 2024 (CCF A)",https://netman.aiops.org/wp-content/uploads/2026/04/3691620.3695489.pdf,3691620.3695489.pdf,3338651
2024,End-to-End AutoML for Unsupervised Log Anomaly Detection.,"Shenglin Zhang, Yuhe Ji, Jiaqi Luan, Xiaohui Nie, Zi`ang Cheng, Minghua Ma, Yongqian Sun*, Dan Pei","2024 IEEE/ACM Automated Software Engineering Conference (ASE), Sacramento, California, United States, October 27th &#8211; November 1st, 2024 (CCF A)",https://nkcs.iops.ai/wp-content/uploads/2024/10/ASE24-LogCraft.pdf,ASE24-LogCraft.pdf,1266015
2024,Dan Pei*,,"WWW 2024 , Singapore, May 13 &#8211; May 17, 2024 (CCF A)",https://netman.aiops.org/wp-content/uploads/2024/04/AnoTuner-CR_v1.7_submitted.pdf,AnoTuner-CR_v1.7_submitted.pdf,917433
2024,Dan Pei,,"IEEE Transactions on Services Computing (TSC), 2024 , 17(6):4013-4026 (CCF A) [paper]",https://netman.aiops.org/wp-content/uploads/2025/03/24_TSC_UniDiag_TSC.pdf,24_TSC_UniDiag_TSC.pdf,12743823
2024,Dan Pei,,"Information Sciences (CCF B, JCR Q1 &amp; CAS Tier 1-Top, IF: 8.1), 2024: 121590",https://netman.aiops.org/wp-content/uploads/2025/03/InformationSciences-OmniFed.pdf,InformationSciences-OmniFed.pdf,2906259
2024,Dan Pei,,"ACM Transactions on Software Engineering and Methodology (TOSEM), 2024-0110.R1, 2024 (CCF A)",https://nkcs.iops.ai/wp-content/uploads/2024/10/24_TOSEM_DeepHunt.pdf,24_TOSEM_DeepHunt.pdf,977489
2024,Dan Pei,,"2024 IEEE/ACM Automated Software Engineering Conference (ASE), Sacramento, California, United States, October 27th &#8211; November 1st, 2024 (CCF A)",https://nkcs.iops.ai/wp-content/uploads/2024/10/ASE24-ART.pdf,ASE24-ART.pdf,1126329
2024,Dan Pei,,"2024 International Symposium on Software Reliability Engineering (ISSRE), Tsukuba, Japan, October 28th &#8211; 31st, 2024 (CCF B)",https://nkcs.iops.ai/wp-content/uploads/2024/09/LabelEase_ISSRE24_CameraReady.pdf,LabelEase_ISSRE24_CameraReady.pdf,1666228
2024,Dan Pei,,"2024 International Symposium on Software Reliability Engineering (ISSRE), Tsukuba, Japan, October 28th &#8211; 31st, 2024 (CCF B)",https://nkcs.iops.ai/wp-content/uploads/2024/08/ISSRE24-DualLMAD.pdf,ISSRE24-DualLMAD.pdf,440085
2024,Dan Pei,,"2024 International Symposium on Software Reliability Engineering (ISSRE), Tsukuba, Japan, October 28th &#8211; 31st, 2024 (CCF B)",https://nkcs.iops.ai/wp-content/uploads/2024/08/ISSRE24-Auto-PIP.pdf,ISSRE24-Auto-PIP.pdf,1352492
2024,Dan Pei,,"2024 International Symposium on Software Reliability Engineering (ISSRE), Tsukuba, Japan, October 28th &#8211; 31st, 2024 (CCF B)",https://nkcs.iops.ai/wp-content/uploads/2024/08/ISSRE24-Self-Evolution.pdf,ISSRE24-Self-Evolution.pdf,311075
2024,Dan Pei,ISSRE 2024,"Tsukuba, Japan, Oct",https://netman.aiops.org/wp-content/uploads/2024/09/SparseRCA__Unsupervised_Root_Cause_Analysis_in_Sparse_Microservice_Testing_Traces__ISSRE24_Camera_Ready_.pdf,SparseRCA__Unsupervised_Root_Cause_Analysis_in_Sparse_Microservice_Testing_Traces__ISSRE24_Camera_Ready_.pdf,642391
2024,Dan Pei,KDD 2024,"Barcelona, Spain, Aug",https://netman.aiops.org/wp-content/uploads/2024/07/LatentScope_CameraReady_final.pdf,LatentScope_CameraReady_final.pdf,1821626
2024,Dan Pei,KDD 2024,"Barcelona, Spain, Aug",https://netman.aiops.org/wp-content/uploads/2024/07/KAD_Disformer_CRv1.4_submitted.pdf,KAD_Disformer_CRv1.4_submitted.pdf,1702026
2024,Dan Pei,"FSE 2024 , industry track","Ipojuca (Pernambuco), Brazil, Mon 15 &#8211; Fri 19 July 2024 (CCF A)",https://nkcs.iops.ai/wp-content/uploads/2024/09/FSE_24_GrayScope.pdf,FSE_24_GrayScope.pdf,1535419
2024,Dan Pei,"FSE 2024 , industry track","Ipojuca (Pernambuco), Brazil, Mon 15 &#8211; Fri 19 July 2024 (CCF A)",https://nkcs.iops.ai/wp-content/uploads/2024/09/FSE_2024_SynthoDiag.pdf,FSE_2024_SynthoDiag.pdf,1581827
2024,Dan Pei,"FSE 2024 , industry track","Ipojuca (Pernambuco), Brazil, Mon 15 &#8211; Fri 19 July 2024 (CCF A,)",https://netman.aiops.org/wp-content/uploads/2024/07/Chain-of-Event_Interpretable-Root-Cause-Analysis-for-MicroservicesFSE24-Camera-Ready.pdf,Chain-of-Event_Interpretable-Root-Cause-Analysis-for-MicroservicesFSE24-Camera-Ready.pdf,408474
2024,Dan Pei,", Qingwei Lin, Dongmei Zhang FSE 2024 , industry track","Ipojuca (Pernambuco), Brazil, Mon 15 &#8211; Fri 19 July 2024 (CCF A)",https://netman.aiops.org/wp-content/uploads/2024/07/MonitorAssistant_CameraReady-v1.5_submitted.pdf,MonitorAssistant_CameraReady-v1.5_submitted.pdf,4657079
2024,Dan Pei,*,"Journal of Network and Computer Applications ( JNCA ) (THU B, CCF C)",https://netman.aiops.org/wp-content/uploads/2024/08/A-survey-on-intelligent-management-of-alerts-and-incidents-in-IT-services.pdf,A-survey-on-intelligent-management-of-alerts-and-incidents-in-IT-services.pdf,2486672
2024,Dan Pei,", Saravan Rajmohan, Dongmei Zhang, Qingwei Lin, Haiming Zhang, Jianhui li, Gaogang Xie","WWW 2024 , Singapore, May 13 &#8211; May 17, 2024 (CCF A)",https://netman.aiops.org/wp-content/uploads/2024/08/Revisiting-VAE-for-Unsupervised-Time-Series-Anomaly-Detection-A-Frequency-Perspective.pdf,Revisiting-VAE-for-Unsupervised-Time-Series-Anomaly-Detection-A-Frequency-Perspective.pdf,3611319
2024,Dan Pei,,"CCGrid 2024 , Philadelphia, May 6-9, 2024 (THU B) 2023:",https://netman.aiops.org/wp-content/uploads/2024/03/AlertRCA_CCGRID2024_CameraReady.pdf,AlertRCA_CCGRID2024_CameraReady.pdf,693916
2023,智能运维的实践：现状与标准化,"包航宇, 殷康璘*, 曹立, 李世宁, 孙永敬, 尹汇锋, 汤汝鸣, 侯岳, 王士强, 裴丹, 杨晓勤, 王立新 软件学报,2023,34(9):2204-2230 (THU B)",,https://netman.aiops.org/wp-content/uploads/2023/03/2.-mt008.pdf,2.-mt008.pdf,2325914
2023,Unsupervised Anomaly Detection on Microservice Traces through Graph VAE,"Zhe Xie, Haowen Xu, Wenxiao Chen, Wanxue Li, Huai Jiang, Liangfei Su, Hanzhang Wang, Dan Pei* WWW 2023 , Austin, Texas, USA, April 30 &#8211; May 4, 2023 (CCF A)",,https://netman.aiops.org/wp-content/uploads/2023/02/TraceVAE.pdf,TraceVAE.pdf,3434510
2023,LWS: A Framework for Log-based Workload Simulation in Session-based SUT,"Yongqi Han, Qingfeng Du*, Jincheng Xu, Shengjie Zhao, Zhekang Chen, Li Cao, Kanglin Yin, Dan Pei Journal of Systems of Software, 2023 (CCF B，TH-CPL B)",,https://netman.aiops.org/wp-content/uploads/2024/07/1-s2.0-S0164121223001309-main.pdf,1-s2.0-S0164121223001309-main.pdf,1508960
2023,Generic and Robust Root Cause Localization for Multi-Dimensional Data in Online Service Systems,"Zeyan Li, Junjie Chen, Yihao Chen, Chengyang Luo, Yiwei Zhao, Yongqian Sun, Kaixin Sui, Xiping Wang, Dapeng Liu, Xing Jin, Qi Wang, Dan Pei Journal of Systems and Software , Volume 203Issue CSep 2023, May 4, 2023 (CCF B类，TH-CPL B类)",,https://netman.aiops.org/wp-content/uploads/2023/05/psqueeze-jss.pdf,psqueeze-jss.pdf,763915
2023,From Point-wise to Group-wise: A Fast and Accurate Microservice Trace Anomaly Detection Approach,"Zhe Xie, Changhua Pei*, Wanxue Li, Huai Jiang, Liangfei Su, Jianhui Li, Gaogang Xie, and Dan Pei ESEC/FSE 2023 industry track","San Francisco, CA, USA, Dec",https://netman.aiops.org/wp-content/uploads/2023/11/GTrace_FSE_Industry2023_upload.pdf,GTrace_FSE_Industry2023_upload.pdf,1801332
2023,Dan Pei,,The 34th IEEE International Symposium on Software Reliability Engineering (ISSRE 2023),https://nkcs.iops.ai/wp-content/uploads/2023/10/TraceSieve_ISSRE23.pdf,TraceSieve_ISSRE23.pdf,1696640
2023,Dan Pei,,The 34th IEEE International Symposium on Software Reliability Engineering (ISSRE 2023),https://nkcs.iops.ai/wp-content/uploads/2023/10/Empirical_Analysis.pdf,Empirical_Analysis.pdf,449860
2023,Dan Pei,", Xiao Yang, Li Yu","IEEE Transactions on Services Computing, 2023 (CCF A, accepted, to appear)",https://nkcs.iops.ai/wp-content/uploads/2023/10/LogKG.pdf,LogKG.pdf,6354421
2023,Dan Pei,,"IEEE Transactions on Services Computing, 2023 (CCF A, accepted, to appear)",https://nkcs.iops.ai/wp-content/uploads/2023/12/TSC23-DiagFusion.pdf,TSC23-DiagFusion.pdf,11071949
2023,Dan Pei,", Qingwei Lin, Dongmei Zhang","THE 29TH ACM SIGKDD Conference on Knowledge Discovery and Data Mining, Long Beach, CA, USA, August 2023 (CCF A, accepted, to appear)",https://netman.aiops.org/wp-content/uploads/2024/11/3580305.3599902.pdf,3580305.3599902.pdf,1680259
2023,Dan Pei,", Tianchi Ma, Yu Chen","IEEE Transactions on Computers, 2023 (CCF A, accepted, to appear)",https://nkcs.iops.ai/wp-content/uploads/2023/10/OutSpot.pdf,OutSpot.pdf,4309799
2023,Dan Pei,,"IEEE Transactions on Network and Service Management ( IEEE TNSM ), January 2023 (SCI Indexed, IF: 4.758)",https://netman.aiops.org/wp-content/uploads/2023/07/LogSummary_Unstructured_Log_Summarization_for_Software_Systems.pdf,LogSummary_Unstructured_Log_Summarization_for_Software_Systems.pdf,2335946
2023,CMDiagnostor: An Ambiguity-Aware Root Cause Localization Approach Based on Call Metric Data,"Qingyang Yu, Changhua Pei*, Bowen Hao, Mingjie Li, Zeyan Li, Shenglin Zhang, Xianglin Lu, Rui Wang, Jiaqi Li, Zhenyu Wu, Dan Pei WWW 2023 , Austin, Texas, USA, April 30 &#8211; May 4, 2023 (CCF A)",,https://netman.aiops.org/wp-content/uploads/2023/02/CMDiagnostor.pdf,CMDiagnostor.pdf,1076334
2023,Beyond Sharing: Conflict-Aware Multivariate Time Series Anomaly Detection,"Haotian Si, Changhua Pei, Zhihan Li, Yadong Zhao, Jingjing Li, Haiming Zhang, Zulong Diao, Jianhui Li, Gaogang Xie, Dan Pei ESEC/FSE 2023 industry track","San Francisco, CA, USA, Dec",https://netman.aiops.org/wp-content/uploads/2023/11/Beyond_Sharing_Conflict-Aware_Multivariate_Time_Se.pdf,Beyond_Sharing_Conflict-Aware_Multivariate_Time_Se.pdf,3980102
2023,Best Paper Award,),,https://netman.aiops.org/wp-content/uploads/2024/02/Final_AutoKAD_ISSRE23_Camera-Ready-v2.3.pdf,Final_AutoKAD_ISSRE23_Camera-Ready-v2.3.pdf,1478626
2023,A Study on Response Time Anomaly Diagnosis for Search Service,"Sibo Xia, Minghua Ma, Pengxiang Jin, Liyue Cui, Shenglin Zhang*, Wa Jin, Yongqian Sun, Dan Pei","Journal of Computer Research and Development, 2023 (CCF T1, in Chinese, accepted) 2022:",https://netman.aiops.org/wp-content/uploads/2024/11/Response-Time-Anomaly-Diagnosis-for-Search-Service.pdf,Response-Time-Anomaly-Diagnosis-for-Search-Service.pdf,1868646
2022,Situation-Aware Multivariate Time Series Anomaly Detection through Active Learning and Contrast VAE-based Models in Large Distributed Systems,"Zhihan Li, Youjian Zhao, Yitong Geng, Zhanxiang Zhao, Hanzhang Wang, Wenxiao Chen, Huai Jiang, Amber Vaidya, Liangfei Su, Dan Pei*","JSAC 2022 , Series on Machine Learning for Communications and Networks (CCF A)",https://netman.aiops.org/wp-content/uploads/2026/05/李之涵2022.pdf,李之涵2022.pdf,3326332
2022,Robust System Instance Clustering for Large-Scale Web Services.,"Shenglin Zhang, Dongwen Li, Zhenyu Zhong, Jun Zhu, Minghan Liang, Jiexi Luo, Yongqian Sun*, Ya Su, Sibo Xia, Zhongyou Hu, Yuzhi Zhang, Dan Pei, Jiyan Sun and Yinlong Liu","The Web Conference ( WWW 2022 ), Virtual Conference, April 25-29, 2022 (CCF A)",https://netman.aiops.org/wp-content/uploads/2026/05/WWW22-OmniCluster张圣林.pdf,WWW22-OmniCluster张圣林.pdf,6565123
2022,Robust Anomaly Clue Localization of Multi-dimensional Derived Measure for Online Video Services,"Yongqian Sun, Daguo Cheng, Pengxiang Jin, Quan Ding, Shenglin Zhang*, Xu Chen, Yuzhi Zhang, Minghan Liang, Dan Pei, Jianyan Zheng, Sen Luo, Xinyu Tang",IEEE Transactions on Services Computing,https://netman.aiops.org/wp-content/uploads/2026/05/Robust_Anomaly_Clue_孙永谦2022.pdf,Robust_Anomaly_Clue_孙永谦2022.pdf,1212774
2022,Online Malicious Domain Name Detection with Partial Labels for Large-Scale Dependable Systems,"Yongqian Sun, Kunlin Jian, Liyue Cui, Guifei Jiang, Shenglin Zhang, Yuzhi Zhang, Dan Pei","The Journal of Systems &amp; Software, 190: 1-12, 2022 (JSS 2022) (CCF B)",https://netman.aiops.org/wp-content/uploads/2026/05/2022孙永谦.pdf,2022孙永谦.pdf,1670941
2022,Mining Fluctuation Propagation Graph among Time Series with Active Learning,"Mingjie Li, Minghua Ma, Xiaohui Nie, Kanglin Yin, Li Cao, Xidao Wen*, Zhiyun Yuan, Duogang Wu, Guoying Li, Wei Liu, Xin Yang, Dan Pei DEXA 2022 , Vienna, Austria, Aug 22-24, 2022 (CCF C)",,https://netman.aiops.org/wp-content/uploads/2022/08/DEXA22-FPG-Miner.pdf,DEXA22-FPG-Miner.pdf,493049
2022,Identifying Erroneous Software Changes through Self-Supervised Contrastive Learning on Time Series Data,"Xuanrun Wang, Kanglin Yin, Qianyu Ouyang, Xidao Wen, Shenglin Zhang, Wenchi Zhang, Li Cao, Jiuxue Han, Xing Jin, Dan Pei ISSRE 2022 , Charlotte, North Carolina, USA, October 31 &#8211; November 3, 2022 (CCF B)",,https://netman.aiops.org/wp-content/uploads/2022/11/kontrast-paper.pdf,kontrast-paper.pdf,759655
2022,Generic and Robust Performance Diagnosis via Causal Inference for OLTP Database systems,"Xianglin Lu, Zhe Xie, Zeyan Li, Mingjie Li, Xiaohui Nie, Nengwen Zhao, Qingyang Yu, Shenglin Zhang, Kaixin Sui, Lin Zhu* and Dan Pei","CCGrid 2022 , 16-19 May 2022, Italy",https://netman.aiops.org/wp-content/uploads/2026/05/卢香琳2022.pdf,卢香琳2022.pdf,666885
2022,Efficient KPI Anomaly Detection Through Transfer Learning for Large-Scale Web Services,"Shenglin Zhang, Zhenyu Zhong, Dongwen Li, Qiliang Fan, Yongqian Sun, Man Zhu, Yuzhi Zhang, Dan Pei, Jiyan Sun, Yinlong Liu, Hui Yang, Yongqiang Zou",IEEE Journal on Selected Areas in Communications (JSAC 2022) (CCF A),https://netman.aiops.org/wp-content/uploads/2026/05/2022张圣林.pdf,2022张圣林.pdf,4015284
2022,Effective Attribute Selection for Multi-dimensional Root Cause Analysis,"Yiran Cheng, Bo Cheng, Pengxiang Jin, Yongqian Sun*, Xiaohui Nie, Nengwen Zhao, Shenglin Zhang, Dan Pei ISSRE 2022 , Charlotte, North Carolina, USA, October 31 &#8211; November 3, 2022 (CCF B)",,https://netman.aiops.org/wp-content/uploads/2022/11/RC-LIR.pdf,RC-LIR.pdf,899891
2022,Causal Inference-Based Root Cause Analysis for Online Service Systems with Intervention Recognition,"Mingjie Li, Zeyan Li, Kanglin Yin, Xiaohui Nie, Wenchi Zhang, Kaixin Sui, Dan Pei* KDD 2022 , Washington, DC, USA, Aug 14-18, 2022 (CCF A)",,https://netman.aiops.org/wp-content/uploads/2022/08/KDD22-CIRCA.pdf,KDD22-CIRCA.pdf,805945
2022,Actionable and Interpretable Fault Localization for Recurring Failures in Online Service Systems,"Zeyan Li, Nengwen Zhao, Mingjie Li, Xianglin Lu, Lixin Wang, Dongdong Chang, Xiaohui Nie, Li Cao, Wenzhi Zhang, Kaixin Sui, Yanhua Wang, Xu Du, Guoqiang Duan, Dan Pei* ESEC/FSE 2022 , Nov 14-18, 2022, Singapore (CCF-A)",,https://netman.aiops.org/wp-content/uploads/2022/11/DejaVu-paper.pdf,DejaVu-paper.pdf,934591
2021,Robust KPI Anomaly Detection for Large-Scale Software Services with Partial Labels,"Shenglin Zhang, Chenyu Zhao, Yicheng Sui, Ya Su, Yongqian Sun, Yuzhi Zhang, Dan Pei, Yizhe Wang ISSRE 2021 , Wuhan, China, Oct 25, 2021",,https://netman.aiops.org/wp-content/uploads/2021/12/paper-ISSRE21-PUAD.pdf,paper-ISSRE21-PUAD.pdf,1445654
2021,Practical Root Cause Localization for Microservice Systems via Trace Analysis,"Zeyan Li, Junjie Chen, Rui Jiao, Nengwen Zhao, Zhijun Wang, Shuwei Zhang, Yanjun Wu, Long Jiang, Leiqin Yan, Zikai Wang, Zhekang Chen, Wenchi Zhang, Xiaohui Nie, Kaixin Sui, Dan Pei IWQoS 2021 , June 25-28, 2021, virtual conference",,/wp-content/uploads/2021/05/1570705191.pdf,1570705191.pdf,395604
2021,Multivariate Time Series Anomaly Detection and Interpretation using Hierarchical Inter-Metric and Temporal Embedding,"Zhihan Li, Youjian Zhao, Jiaqi Han, Ya Su, Rui Jiao, Xidao Wen, Dan Pei KDD 2021 , August 14-18, 2021, virtual conference",,https://netman.aiops.org/wp-content/uploads/2021/08/KDD21_InterFusion_Li.pdf,KDD21_InterFusion_Li.pdf,1811583
2021,LogClass: Anomalous Log Identification and Classification with Partial Labels,"Weibin Meng, Ying Liu, Shenglin Zhang, Federico Zaiter, Yuzhe Zhang, Yuheng Huang, Zhaoyang Yu, Yuzhi Zhang, Lei Song, Ming Zhang and Dan Pei IEEE TNSM (IEEE Transactions on Network and Service Management) 2021 2020:",,https://netman.aiops.org/wp-content/uploads/2021/11/孟伟斌LogClass_Anomalous_Log_Identification_and_Classification_With_Partial_Labels.pdf,孟伟斌LogClass_Anomalous_Log_Identification_and_Classification_With_Partial_Labels.pdf,2187246
2021,Jump-Starting Multivariate Time Series Anomaly Detection for Online Service Systems,"Minghua Ma, Shenglin Zhang, Junjie Chen, Jim Xu, Haozhe Li, Yongliang Lin, Xiaohui Nie, Bo Zhou, Yong Wang, Dan Pei ATC 2021 , virtual event, July 14, 2021",,https://netman.aiops.org/wp-content/uploads/2021/07/马明华atc21_JumpStarter.pdf,马明华atc21_JumpStarter.pdf,11747009
2021,Identifying Root-Cause Metrics for Incident Diagnosis in Online Service Systems,"Canhua Wu, Nengwen Zhao, Lixin Wang, Xiaoqin Yang, Shining Li, Ming Zhang, Xing Jin, Xidao Wen, Xiaohui Nie, Wenchi Zhang, Kaixin Sui, Dan Pei ISSRE 2021 , Wuhan, China, Oct 25, 2021",,https://netman.aiops.org/wp-content/uploads/2021/10/wch_ISSRE-1.pdf,wch_ISSRE-1.pdf,2598530
2021,Identifying Bad Software Changes via Multimodal Anomaly Detection for Online Service Systems,"Nengwen Zhao, Junjie Chen, Zhaoyang Yu, Honglin Wang, Jiesong Li, Bin Qiu, Hongyu Xu, Wenchi Zhang, Kaixin Sui, Dan Pei ESEC/FSE 2021 , Athens, Greece, Aug 23, 2021",,https://netman.aiops.org/wp-content/uploads/2021/09/SCWarn.pdf,SCWarn.pdf,3087218
2021,Detecting Outlier Machine Instances through Gaussian Mixture Variational Autoencoder with One Dimensional CNN,"Ya Su, Youjian Zhao, Ming Sun, Shenglin Zhang, Xidao Wen, Yongsu Zhang, Xian Liu, Xiaozhou Liu, Junliang Tang, Wenfei Wu, Dan Pei IEEE TC (IEEE Transactions on Computers)，2021-03-10 (A journal paper, no slides)",,https://netman.aiops.org/wp-content/uploads/2026/05/苏亚2021.pdf,苏亚2021.pdf,4139932
2021,CTF: Anomaly Detection in High-Dimensional Time Series with Coarse-to-Fine Model Transfer,"Ming Sun, Ya Su, Shenglin Zhang, Yuanpu Cao, Yuqing Liu, Dan Pei, Wenfei Wu, Yongsu Zhang, Xiaozhou Liu, Junliang Tang INFOCOM2021 , May 10 &#8211; 13, 2021, virtual conference",,https://netman.aiops.org/wp-content/uploads/2021/02/paper-INFOCOM21-cfp.pdf,paper-INFOCOM21-cfp.pdf,1040470
2021,An Empirical Investigation of Practical Log Anomaly Detection for Online Service Systems,"Nengwen Zhao, Honglin Wang, Zeyan Li, Xiao Peng, Gang Wang, Zhu Pan, Yong Wu, Zhen Feng, Xidao Wen ,Wenchi Zhang,Kaixin Sui ,Dan Pei ESEC/FSE 2021 (industry track), Athens, Greece, Aug 23, 2021",,https://netman.aiops.org/wp-content/uploads/2021/09/logstudy.pdf,logstudy.pdf,6633958
2020,VAEPP: Variational Autoencoder with a Pull-back Prior,"Wenxiao Chen, Wenda Liu, Zhenting Cai, Haowen Xu, Dan Pei ICONIP2020 , November 18 &#8211; 22, 2020, Online",,https://netman.aiops.org/wp-content/uploads/2020/09/share_file.pdf,share_file.pdf,466780
2020,Unsupervised Detection of Microservice Trace Anomalies through Service-Level Deep Bayesian Networks,"Ping Liu, Haowen Xu, Qianyu Ouyang, Rui Jiao, Zhekang Chen, Shenglin Zhang, Jiahai Yang, Linlin Mo, Jice Zeng, Wenman Xue, Dan Pei ISSRE2020 , Oct 12 &#8211; 15, 2020, Coimbra, Portugal",,https://netman.aiops.org/wp-content/uploads/2020/09/刘平issre.pdf,刘平issre.pdf,2485145
2020,Unsupervised Clustering through Gaussian Mixture Variational AutoEncoder with Non-Reparameterized Variational Inference and Std Annealing,"Zhihan Li, Youjian Zhao, Haowen Xu, Wenxiao Chen, Shangqing Xu, Yilin Li, Dan Pei IJCNN (WCCI) 2020 , Virtual Conference, Jul 19-24, 2020",,https://netman.aiops.org/wp-content/uploads/2020/08/PID6423661.pdf,PID6423661.pdf,2649108
2020,Understanding and Handling Alert Storm for Online Service Systems,"Nengwen Zhao, Junjie Chen, Xiao Peng, Honglin Wang, Xinya Wu, Yuanzong Zhan, Zikai Chen , Xiangzhong Zheng, Xiaohui Nie, Gang Wang, Yong Wu, Fang Zhou, Wenchi Zhang, Kaixin Sui, Dan Pei ICSE SEIP 2020 , Virtual Conference, Jul 6-11 2020",,https://netman.aiops.org/wp-content/uploads/2020/07/AlertSummary_CR.pdf,AlertSummary_CR.pdf,937291
2020,Shallow VAEs with RealNVP Prior Can Perform as Well as Deep Hierarchical VAEs,"Haowen Xu, Wenxiao Chen, Jinlni Lai, Zhihan Li, Youjian Zhao, Dan Pei ICONIP 2020 , November 18 &#8211; 22, 2020, Online",,https://netman.aiops.org/wp-content/uploads/2020/09/许昊文.pdf,许昊文.pdf,630969
2020,Real-time Incident Prediction for Online Service Systems,"Nengwen Zhao, Junjie Chen, Zhou Wang , Xiao Peng , Gang Wang, Yong Wu, Fang Zhou, Zhen Feng, Xiaohui Nie, Wenchi Zhang, Kaixin Sui, Dan Pei ESEC/FSE 2020 ,Sacramento, California, United States, November 8, 2020",,https://netman.aiops.org/wp-content/uploads/2020/09/赵能文ESEC-2020.pdf,赵能文ESEC-2020.pdf,1940755
2020,Practical and White-Box Anomaly Detection through Unsupervised and Active Learning,"Yao Wang, Zhaowei Wang, Zejun Xie, Nengwen Zhao, Junjie Chen, Wenchi Zhang, Kaixin Sui, Dan Pei ICCCN 2020 , Honolulu, Hawaii, USA, August 3 &#8211; August 6, 2020",,https://netman.aiops.org/wp-content/uploads/2020/08/ICCCN2020-YaoWang.pdf,ICCCN2020-YaoWang.pdf,519455
2020,LogTransfer: Cross-System Log Anomaly Detection for Software Systems with Transfer Learning,"Rui Chen, Shenglin Zhang, Dongwen Li, Yuzhe Zhang, Fangrui Guo, Weibin Meng, Dan Pei, Yuzhi Zhang, Xu Chen, Yuqing Liu ISSRE2020 , Oct 12 &#8211; 15, 2020, Coimbra, Portugal",,https://netman.aiops.org/wp-content/uploads/2020/08/paper-ISSRE20-LogTransfer.pdf,paper-ISSRE20-LogTransfer.pdf,745582
2020,LogParse: Making Log Parsing Adaptive through Word Classification,"Weibin Meng, Ying Liu, Federico Zaiter, Shenglin Zhang, Yihao Chen, Yuzhe Zhang, Yichen Zhu, En Wang, Ruizhi Zhang, Shimin Tao, Dian Yang, Rong Zhou, Dan Pei ICCCN 2020 , Honolulu, Hawaii, USA, Auguest 3 &#8211; August 6, 2020",,https://netman.aiops.org/wp-content/uploads/2020/05/LogParse-ICCCN20.pdf,LogParse-ICCCN20.pdf,673532
2020,Localizing Failure Root Causes in a Microservice through Causality Inference,"Yuan Meng , Shenglin Zhang, Yongqian Sun, Ruru Zhang , Zhilong Hu, Yiyin Zhang, Chenyang Jia, Zhaogang Wang, Dan Pei IWQOS2020 , Virtual Conference, 15-17 June 2020",,https://netman.aiops.org/wp-content/uploads/2020/06/孟媛.pdf,孟媛.pdf,617183
2020,FluxInfer: Automatic Diagnosis of Performance Anomaly for Online Database System,"Ping Liu, Shenglin Zhang, Yongqian Sun, Yuan Meng, Jiahai Yang, Dan Pei IPCCC2020 , November 6 &#8211; 8, 2020, virtual conference",,https://netman.aiops.org/wp-content/uploads/2020/10/FluxInfer.pdf,FluxInfer.pdf,460619
2020,Efficient and Robust Syslog Parsing for Network Devices in Datacenter Networks,"Shenglin Zhang ; Ying Liu ; Weibin Meng ; Jiahao Bu ; Sen Yang ; Yongqian Sun ; Dan Pei ; Jun Xu ; Yuzhi Zhang ; Lei Song ; Ming Zhang IEEE Access (A journal paper, no slides)",,https://netman.aiops.org/wp-content/uploads/2020/08/paper-IEEE-Access-Craftsman.pdf,paper-IEEE-Access-Craftsman.pdf,2661878
2020,Diagnosing Root Causes of Intermittent Slow Queries in Cloud Databases,"Minghua Ma, Zheng Yin, Shenglin Zhang, Sheng Wang, Christopher Zheng, Xinhao Jiang, Hanwen Hu, Cheng Luo, Yilin Li, Nengjun Qiu, Feifei Li, Changcheng Chen, Dan Pei VLDB 2020 , Tokyo, Japan, August 31, 2020",,https://netman.aiops.org/wp-content/uploads/2020/07/vldb20_slowsql.pdf,vldb20_slowsql.pdf,1338958
2020,Batch Job Run Time Prediction for Auto-Scaling in the Cloud,"Minghua Ma, Christopher Zheng, Junjie Chen, Yilin Li, Dan Pei CIEMCS 2020 , New York, NY, USA, February 7, 2020","(, no slides) 2019:",https://netman.aiops.org/wp-content/uploads/2020/08/aaai20_Poster.pdf,aaai20_Poster.pdf,178247
2020,Automatically and Adaptively Identifying Severe Alerts for Online Service Systems,"Nengwen Zhao, Panshi Jin, Lixin Wang, Xiaoqin Yang, Rong Liu, Wenchi Zhang, Kaixin Sui, Dan Pei INFOCOM 2020 , Virtual Conference, Jul 6-9, 2020 ZeroWall : Detecting Zero-Day Web Attacks through Encoder-Decoder Recurrent Neural Networks Ruming Tang, Zheng Yang, Zeyan Li, Weibin Meng, Haixin Wang, Qi Li, Yongqian Sun, Dan Pei, Tao Wei, Yanfei Xu, Yan Liu INFOCOM 2020 , Cyberspace, Jul 6-9, 2020",,https://netman.aiops.org/wp-content/uploads/2020/07/alertrank_camera-ready.pdf,alertrank_camera-ready.pdf,643440
2020,A Semantic-aware Representation Framework forOnline Log Analysis,"Weibin Meng, Ying Liu, Yuheng Huang, Shenglin Zhang, Federico Zaiter, Bingjin Chen, Dan Pei ICCCN 2020 , Honolulu, Hawaii, USA, Auguest 3 &#8211; August 6, 2020",,/wp-content/uploads/2020/05/Log2Vec-icccn20.pdf,Log2Vec-icccn20.pdf,539404
2020,A Practical Machine Learning-Based Framework to Detect DNS Covert Communication in Enterprises,"Ruming Tang, Cheng Huang, Yanti Zhou, Haoxian Wu, Xianglin Lu, Yongqian Sun, Qi Li, Jinjin Li, Weiyao Huang, Siyuan Sun, Dan Pei SecureComm 2020 , Cyberspace , October 21-23, 2020",,https://netman.aiops.org/wp-content/uploads/2020/09/汤汝鸣securecomm.pdf,汤汝鸣securecomm.pdf,819846
2019,基于聚类的多维数据热点发现算法,"邹磊，朱晶，聂晓辉，苏亚 ，裴丹，孙宇 小型微型计算机系统，465-471 页，第40卷，第3期， 2019年3月 (A journal paper, no slides) 2018:",,https://netman.aiops.org/wp-content/uploads/2019/01/基于聚类的多维数据热点发现算法.pdf,基于聚类的多维数据热点发现算法.pdf,1110211
2019,Walking without Friends: Publishing Anonymized Trajectory Dataset without Leaking Social Relationships,"Kai Zhao, Zhen Tu, Fengli Xu, Yong Li, Pengyu Zhang, Dan Pei, Li Su, Depeng Jin IEEE TNSM (IEEE Transactions on Network and Service Management) (A journal paper, no slides)",,https://netman.aiops.org/wp-content/uploads/2019/08/08674537.pdf,08674537.pdf,2610964
2019,Unsupervised Anomaly Detection for Intricate KPIs via Adversarial Training of VAE,"Wenxiao Chen, Haowen Xu, Zeyan Li, Dan Pei, Jie Chen, Hong Lin, Yang Feng, Zhaogang Wang INFOCOM 2019 , Paris, France, April 29-May 2, 2019",,https://netman.aiops.org/wp-content/uploads/2019/04/chenwenxiao_infocom2019.pdf,chenwenxiao_infocom2019.pdf,2966467
2019,"The Search for Sparse, Robust Neural Networks","Justin Cosentino*, Federico Zaiter*, Dan Pei, Jun Zhu SRDM 2019 , Vancouver, British Columbia, Canada, December 13th, 2019",,https://netman.aiops.org/wp-content/uploads/2019/12/The_Search_for_Sparse__Robust_Neural_Networks__Paper_.pdf,The_Search_for_Sparse__Robust_Neural_Networks__Paper_.pdf,2818438
2019,Robust Anomaly Detection for Multivariate Time Series through Stochastic Recurrent Neural Network,"Ya Su, Youjian Zhao, Chenhao Niu, Rong Liu, Wei Sun, Dan Pei* KDD 2019 , Anchorage, Alaska, USA, August 4 &#8211; 8 2019 (CCF A)",,https://netman.aiops.org/wp-content/uploads/2019/08/OmniAnomaly_camera-ready.pdf,OmniAnomaly_camera-ready.pdf,6217028
2019,Personalized Context-aware Re-ranking for E-commerce Recommender Systems,"Changhua Pei, Yi Zhang, Yongfeng Zhang, Fei Sun, Xiao Lin, Hanxiao Sun, Jian Wu, Peng Jiang, Wenwu Ou, Dan Pei RecSys 2019 , Copenhagen, Denmark, September 16-20, 2019",,https://netman.aiops.org/wp-content/uploads/2019/08/recsys19a-sub1342-cam-i20-1.pdf,recsys19a-sub1342-cam-i20-1.pdf,4223217
2019,LogAnomaly: Unsupervised Detection of Sequential and Quantitative Anomalies in Unstructured Logs,"Weibin Meng, Ying Liu, Yichen Zhu, Shenglin Zhang, Dan Pei, Yuqing Liu, Yihao Chen, Ruizhi Zhang, Shimin Tao, Pei Sun, Rong Zhou IJCAI 2019 , Macao, China, August 10-16 2019",,https://netman.aiops.org/wp-content/uploads/2019/07/LogAnomaly.pdf,LogAnomaly.pdf,516448
2019,Label-Less: A Semi-automatic Labelling Tool for KPI Anomalies,"Nengwen Zhao, Jing Zhu, Rong Liu, Dapeng Liu, Ming Zhang, Dan Pei INFOCOM 2019 , Paris, France, April 29 &#8211; May 2, 2019",Final Version Please note: the original version of this paper greatly understated how closely this work is based on the work of Dr,https://netman.aiops.org/wp-content/uploads/2020/06/label-less-v3.pdf,label-less-v3.pdf,1092536
2019,Generic and Robust Localization of Multi-Dimensional Root Causes,"Zeyan Li, Chengyang Luo, Yiwei Zhao, Yongqian Sun, Kaixin Sui, Xiping Wang, Dapeng Liu, Xing Jin, Qi Wang and Dan Pei ISSRE 2019 ， Berlin, Germany, Oct 28-31, 2019",,https://netman.aiops.org/wp-content/uploads/2019/08/camera_ready.pdf,camera_ready.pdf,709269
2019,FluxRank: A Widely-Deployable Framework to Automatically Localizing Root Cause Machines for Software Service Failure Mitigation,"Ping Liu，Yu Chen，Xiaohui Nie，Jing Zhu，Shenglin Zhang，Kaixin Sui，Ming Zhang，Dan Pei ISSRE 2019 ， Berlin, Germany, Oct 28-31, 2019",,https://netman.aiops.org/wp-content/uploads/2019/08/liuping-camera-ready.pdf,liuping-camera-ready.pdf,586275
2019,Dynamic TCP Initial Windows and Congestion Control Schemes through Reinforcement Learning,"Xiaohui Nie, Youjian Zhao, Zhihan li, Guo Chen, Kaixin Sui, Jiyang Zhang, Zijie Ye, Dan Pei JSAC 2019 , Artificial Intelligence and Machine Learning for Networking and Communications (A journal paper, no slides)",,https://netman.aiops.org/wp-content/uploads/2019/05/TCP-RL.pdf,TCP-RL.pdf,3429531
2019,Collaborative Learning of Human Behavior: An Empirical Study on Location Prediction,"Yan Lu, Yuanchao Shu, Xu Tan, Yunxin Liu, Mengyu Zhou, Qi Chen, Dan Pei SEC 2019 (The Fourth ACM/IEEE Symposium on Edge Computing), Washington DC, November 7-9, 2019",,https://netman.aiops.org/wp-content/uploads/2019/10/sec19colla.pdf,sec19colla.pdf,1138531
2019,CoFlux: Robustly Correlating KPIs by Fluctuations for Service Troubleshooting,"Ya Su, Youjian Zhao, Wentao Xia, Rong Liu, Jiabao Bu, Jing Zhu, Yuanpu Cao, Haibin Li, Chenhao Niu, Yiyin Zhang, Zhaogang Wang, Dan Pei IWQOS 2019 , Phoenix, Arizona, USA, June 24-25 2019",,https://netman.aiops.org/wp-content/uploads/2019/05/CoFlux_camera-ready1.pdf,CoFlux_camera-ready1.pdf,1806561
2019,Causal Analysis of the Unsatisfying Experience in Realtime Mobile Multiplayer Games in the Wild,"Yuan Meng,Shenglin Zhang, Zijie Ye, Benliang Wang, Zhi Wang,Yongqian Sun, Xitong Liu, Shuai Yang, Dan Pei ICME 2019 , Shanghai, China, July 8-12, 2019",,https://netman.aiops.org/wp-content/uploads/2019/12/Causal_Analysis_of_the_Unsatisfying_Experience_in_Realtime_Mobile_Multiplayer_Games_in_the_Wild.pdf,Causal_Analysis_of_the_Unsatisfying_Experience_in_Realtime_Mobile_Multiplayer_Games_in_the_Wild.pdf,259138
2019,Automatic and Generic Periodicity Adaptation for KPI Anomaly Detection,"Nengwen Zhao, Jing Zhu , Yao Wang, Minghua Ma, Wenchi Zhang, Dapeng Liu, Ming Zhang, Dan Pei IEEE TNSM (IEEE Transactions on Network and Service Management), 2019, Volume: 16 , Issue: 3 , Sept","2019, Page(s): 1170 &#8211; 1183 (A journal paper, no slides)",https://netman.aiops.org/wp-content/uploads/2019/08/08723601.pdf,08723601.pdf,9607470
2018,一种无监督的数据库用户行为异常检测方法,"李海斌，李 琦，汤汝鸣，吴 珺，吕志远，裴 丹，史俊杰，董 旭，房双德，杨一飞，吴 烨 小型微型计算机系统，第39卷，第11期，2018年11月 (A journal paper, no slides)",,https://netman.aiops.org/wp-content/uploads/2019/02/一种无监督的数据库用户行为异常检测方法-published.pdf,一种无监督的数据库用户行为异常检测方法-published.pdf,1516688
2018,Unsupervised Anomaly Detection via Variational Auto-Encoder for Seasonal KPIs in Web Applications,"Haowen Xu, Wenxiao Chen, Nengwen Zhao, Zeyan Li, Jiahao Bu, Zhihan Li, Ying Liu, Youjian Zhao, Dan Pei*, Yang Feng, Jie Chen, Zhaogang Wang and Honglin Qiao WWW 2018 , Lyon, France, 23-27 April 2018 (CCF A) 2017:",,/wp-content/uploads/2018/03/www2018.pdf,www2018.pdf,6053845
2018,The Frame Latency of Personalized Livestreaming Can Be Significantly Slowed Down by WiFi,"Guoshun Nan, Xiuquan Qiao, Jiting Wang, Zeyan Li, Jiaohao Nu, Mengyu Zhou, Changhua Pei, Dan Pei IPCCC 2018 , Orlando, Florida, USA, November 17-19, 2018",,https://netman.aiops.org/wp-content/uploads/2018/12/main-20181027.pdf,main-20181027.pdf,3632515
2018,The DevOps Lab Platform for Managing Diversified Projects in Educating Agile Software Engineering.,Xiaoying Bai; Dan Pei; Mingjie Li; Shanshan Li 2018 IEEE Frontiers in Education Conference (FIE),"San Jose, CA, Oct 3 &#8211; Oct 6, 2018",https://netman.aiops.org/wp-content/uploads/2020/07/08658817.pdf,08658817.pdf,710362
2018,Robust and Rapid Clustering of KPIs for Large-Scale Anomaly Detection,"Zhihan Li, Youjian Zhao, Rong Liu, Dan Pei IWQoS 2018 , Banff, Alberta, Canada, June 4-6, 2018",,/wp-content/uploads/2018/05/PID5338621.pdf,PID5338621.pdf,4698444
2018,Reducing Web Latency through Dynamically Setting TCP Initial Window with Reinforcement Learning,"Xiaohui Nie, Youjian Zhao, Dan Pei, Guo Chen, Kaixin Sui, Jiyang Zhang IWQoS 2018 , Banff, Alberta, Canada, June 4-6, 2018",,/wp-content/uploads/2018/06/SmartIW-Camera-Ready.pdf,SmartIW-Camera-Ready.pdf,2939583
2018,Rapid Deployment of Anomaly Detection Models for Large Number of Emerging KPI Streams,"Jiahao Bu, Ying Liu , Shenglin Zhang , Weibin Meng , Qitong Liu, Xiaotian Zhu, Dan Pei IPCCC 2018 , Orlando, Florida, USA, November 17-19, 2018",,https://netman.aiops.org/wp-content/uploads/2018/12/bujiahao.pdf,bujiahao.pdf,367703
2018,Preventing Wi-Fi Privacy Leakage: A User Behavioral Similarity Approach,"Xiuping Han, Zhi Wang and Dan Pei ICC 2018 , Kansas City, MO, USA, 20-24 May 2018",,/wp-content/uploads/2018/04/paper-publication-1.pdf,paper-publication-1.pdf,538643
2018,PreFix: Switch Failure Prediction in Datacenter Networks,"Shenglin Zhang, Ying Liu, Weibin Meng, Zhiling Luo, Jiahao Bu, Sen Yang, Peixian Liang, Dan Pei, Jun (Jim) Xu, Yuzhi Zhang, Yu Chen, Hui Dong, Xianping Qu, Lei Song","SIGMETRICS 2018 , Irvine, California, USA, June 18-22, 2018",/wp-content/uploads/2018/05/zhangsl-SIGMETERICS-2018.pdf,zhangsl-SIGMETERICS-2018.pdf,1524349
2018,HotSpot: Anomaly Localization for Additive KPIs with Multi-Dimensional Attributes,"Yongqian Sun, Youjian Zhao, Ya Su, Dapeng Liu, Xiaohui Nie, Yuan Meng, Shiwen Cheng, Dan Pei, Shenglin Zhang, Xianping Qu, Xuanyou Guo IEEE Access 2018 (A journal paper, no slides)",,/wp-content/uploads/2018/12/sunyq_IEEEAccess2018_HotSpot.pdf,sunyq_IEEEAccess2018_HotSpot.pdf,785603
2018,FUSO: Fast multi-path loss recovery for data center networks,"Guo Chen, Yuanwei Lu, Yuan Meng, Bojie Li, Kun Tan, Dan Pei, Peng Cheng, Layong Luo, Yongqiang Xiong, Xiaoliang Wang, Youjian Zhao Journal: IEEE/ACM Transactions on Networking, 2018/5/11 (CCF A)",,https://netman.aiops.org/wp-content/uploads/2026/05/陈果2018.pdf,陈果2018.pdf,2922802
2018,Device-Agnostic Log Anomaly Classification with Partial Labels,"Weibin Meng, Ying Liu, Shenglin Zhang, Dan Pei, Hui Dong, Lei Song, Xulong Luo IWQoS 2018 , Banff, Alberta, Canada, June 4-6, 2018",(Short paper),/wp-content/uploads/2018/06/Device_Agnostic_Log_Anomaly_Classification.pdf,Device_Agnostic_Log_Anomaly_Classification.pdf,1966468
2018,Continuous Delivery of Personalized Assessment and Feedback in Agile Software Engineering Projects,"Xiaoying Bai, Mingjie Li, Dan Pei, Shanshan Li, Deming Ye ICSE 2018 &#8220;Software Engineering Education and Training&#8221; Track","May 27 &#8211; 3 June 2018, Gothenburg, Sweden",/wp-content/uploads/2018/03/ICSE-SEET-36.pdf,ICSE-SEET-36.pdf,1461096
2018,Best Paper,", Memphis, TN, USA, October 15-18, 2018",,/wp-content/uploads/2019/07/issre-stepwise.pdf,issre-stepwise.pdf,1490268
2017,基于机器学习的智能运维,"裴丹，张圣林，裴昶华 中国计算机学会通讯，第13卷，第12期，2017年12月，p68-73 (A journal paper, no slides) TCP WISE: One Initial Congestion Window Is Not Enough Xiaohui Nie,Youjian Zhao, Guo Chen, Kaixin Sui, Yazheng Chen, Dan Pei, Miao Zhang, Jiyang Zhang IPCCC 2017 , San Diego, California, USA, Dec 2017",,/wp-content/uploads/2018/04/peidan.pdf,peidan.pdf,8545513
2017,"You Can Hide, But Your Periodic Schedule Can&#8217;t","Minghua Ma, Kai Zhao, Kaixin Sui, Lei Xu, Yong Li, Dan Pei IWQoS 2017 , Vilanova i la Geltrú, Barcelona, Spain, 14-16 June 2017",(Short paper),/wp-content/uploads/2017/05/PID4775457.pdf,PID4775457.pdf,794877
2017,Why it Takes so Long to Connect to a WiFi Access Point?,"Changhua Pei, Zhi Wang, Youjian Zhao, Zihan Wang, Yuan Meng, Dan Pei, Yuanquan Peng, Wenliang Tang, Xiaodong Qu INFOCOM 2017 , Atlanta, Georgia, USA, May 1-4",arXiv 2016:,/wp-content/uploads/2017/04/pch-infocom2017.pdf,pch-infocom2017.pdf,837025
2017,Syslog Processing for Switch Failure Diagnosis and Prediction in Datacenter Networks,"Shenglin Zhang, Weibin Meng, Jiahao Bu, Sen Yang, Ying Liu, Dan Pei, Jun(Jim) Xu, Yu Chen, Hui Dong, Xianping Qu, Lei Song IWQoS 2017 ,Vilanova i la Geltrú, Barcelona, Spain, 14-16 June 2017",,/wp-content/uploads/2015/12/IWQOS_2017_zsl.pdf,IWQOS_2017_zsl.pdf,1003051
2017,Mining Crowd Mobility and WiFi Hotspots on a Densely-populated Campus,"Mengyu Zhou, Kaixin Sui, Dan Pei, Thomas Moscibroda PURBA 2017 , Maui, Hawaii, USA, September 2017",,https://netman.cs.tsinghua.edu.cn/wp-content/uploads/2017/09/purba17-zhou.pdf,purba17-zhou.pdf,150641
2017,Latency-Based WiFi Congestion Control in the Air for Dense WiFi Networks,"Changhua Pei, Youjian Zhao, Yunxin Liu, Kun Tan, Jiansong Zhang, Yuan Meng, Dan Pei IWQoS 2017 , Vilanova i la Geltrú, Barcelona, Spain, 14-16 June 2017",,/wp-content/uploads/2017/05/iwqos2017-pch.pdf,iwqos2017-pch.pdf,1550460
2017,How Vulnerable Is the Public WiFi AP You Are Using?,"Ruming Tang, Haibin Li, Kaixin Sui, Zihao Jin, Xiao Yang, Dan Pei and Beichuan Zhang ICCCN 2017 , Vancouver, Canada, 31 July-4 August 2017",,/wp-content/uploads/2017/05/PID1194354.pdf,PID1194354.pdf,1267562
2017,How Much Are Your Neighbors Interfering with Your WiFi Delay?,"Changhua Pei, Youjian Zhao, Guo Chen, Yuan Meng, Yang Liu, Ya Su, Yaodong Zhang, Ruming Tang and Dan Pei ICCCN 2017 , Vancouver, Canada, 31 July-4 August 2017",,/wp-content/uploads/2017/05/icccn2017-pch.pdf,icccn2017-pch.pdf,654580
2017,Firewall Fingerprinting and Denial of Fireballing Attacks,"Amir Khakpour, Alex Liu, Joshua Hulst, Zihui Ge, Dan Pei, Jia Wang IEEE Transactions on Information Forensics and Security",Feb,/wp-content/uploads/2015/11/firewall.pdf,firewall.pdf,2841422
2017,F2Tree: Rapid Failure Recovery for Routing in Production Data Center Networks,"Guo Chen, Youjian Zhao, Hailiang Xu, Dan Pei, Dan Li",IEEE/ACM Transactions on Networking,/wp-content/uploads/2015/11/f2tree.pdf,f2tree.pdf,2483629
2016,Your Trajectory Privacy Can Be Breached Even If You Walk in Groups,"Kaixin Sui, Youjian Zhao, Dapeng Liu, Minghua Ma, Lei Xu, Li Zimu, Dan Pei IWQoS 2016 , Beijing, China, June 2016",(Short paper),/wp-content/uploads/2015/11/iwqos16-sui.pdf,iwqos16-sui.pdf,597593
2016,Understanding the Impact of AP Density on WiFi Performance Through Real-World Deployment,"Kaixin Sui, Siqi Sun, Yousef Azzabi, Xiaoping Zhang, Youjian Zhao, Jilong Wang, Zimu Li, Dan Pei LANMAN 2016 , Rome, Italy, June 2016",,/wp-content/uploads/2015/11/lanman16-sui.pdf,lanman16-sui.pdf,280192
2016,MobiCamp: a Campus-wide Testbed for Studying Mobile Physical Activities,"Mengyu Zhou, Kaixin Sui, Minghua Ma, Youjian Zhao, Dan Pei, Thomas Moscibroda WPA 2016 , Singapore, June 2016",,/wp-content/uploads/2016/05/wpa16-zhou.pdf,wpa16-zhou.pdf,609160
2016,Mining Causality Graph For Automatic Web-based Service Diagnosis,"Xiaohui Nie, Youjian Zhao, Kaixin Sui, Dan Pei, Yu Chen, Xianping Qu IPCCC 2016 , Las Vegas, Nevada, USA, Dec 2016",,/wp-content/uploads/2016/11/mining-causality-niexiaohui.pdf,mining-causality-niexiaohui.pdf,945874
2016,M3: Practical and Reliable Multi-Layer Video Multicast over Multi-Rate Wi-Fi Network,"Menghan Li, Dan Pei, Xiaoping Zhang, Beichuan Zhang, Zhi Wang, Hailiang Xu, Zihan Wang IWQoS 2016 , Beijing, China, June 2016",,/wp-content/uploads/2015/11/iwqos16-li.pdf,iwqos16-li.pdf,269623
2016,Interest-Suppression-based NDN Live Video Broadcasting over Wireless LAN,"Menghan Li, Dan Pei, Xiaoping Zhang, Beichuan Zhang, Ke Xu Frontiers of Computer Science , accepted",,/wp-content/uploads/2015/11/fcs-li.pdf,fcs-li.pdf,3246743
2016,Improving the Freshness of NDN Forwarding States,"Jianxun Cao, Dan Pei, Zhelun Wu, Xiaoping Zhang, Beichuan Zhang, Lan Wang, Youjian Zhao IFIP Networking 2016 , Vienna, Austria, May 2016",,/wp-content/uploads/2015/11/1570235179.pdf,1570235179.pdf,952424
2016,Fetching Popular Data from the Nearest Replica in NDN,"Jianxun Cao, Dan Pei, Xiaoping Zhang, Beichuan Zhang, Youjian Zhao ICCCN 2016 , Hawaii, USA, August 2016",,/wp-content/uploads/2016/06/main.pdf,main.pdf,362954
2016,Fast and Cautious: Leveraging Multi-path Diversity for Transport Loss Recovery in Data Centers,"Guo Chen, Yuanwei Lu, Yuan Meng, Bojie Li, Kun Tan, Dan Pei, Peng Cheng, Layong (Larry) Luo, Yongqiang Xiong, Xiaoliang Wang, and Youjian Zhao USENIX ATC 2016 , Denver, CO, USA, June 2016 Audio",,/wp-content/uploads/2016/05/FUSO-ATC16.pdf,FUSO-ATC16.pdf,1300564
2016,FUNNEL: Assessing Software Changes in Web-based Services,"Shenglin Zhang, Ying Liu, Dan Pei, Yu Chen, Xianping Qu, Shimin Tao, Zhi Zang, Xiaowei Jing, Mei Feng Transactions on Service Computing , 2016 (A journal paper, no slides)",,https://netman.aiops.org/wp-content/uploads/2018/12/zsl期刊.pdf,zsl期刊.pdf,1028560
2016,FOCUS: Shedding Light on the High Search Response Time in the Wild,"Dapeng Liu, Youjian Zhao, Kaixin Sui, Lei Zou, Dan Pei, Qingqian Tao, Xiyang Chen, Dai Tan INFOCOM 2016 , San Francisco, CA, USA, Apr 2016",,/wp-content/uploads/2016/01/liu_infocom16_focus.pdf,liu_infocom16_focus.pdf,761332
2016,EDUM: Classroom Education Measurements via Large-scale WiFi Networks,"Mengyu Zhou, Minghua Ma, Yangkun Zhang, Kaixin Sui, Dan Pei, Thomas Moscibroda UbiComp 2016 , Heidelberg, Germany, September 2016",,/wp-content/uploads/2016/08/ubicomp16-EDUM.pdf,ubicomp16-EDUM.pdf,499049
2016,Characterizing and Improving WiFi Latency in Large-Scale Operational Networks,"Kaixin Sui, Mengyu Zhou, Dapeng Liu, Minghua Ma, Dan Pei, Youjian Zhao, Zimu Li, Thomas Moscibroda MobiSys 2016 , Singapore, June 2016",,/wp-content/uploads/2015/11/mobisys16-sui.pdf,mobisys16-sui.pdf,1921350
2015,Rewiring 2 Links is Enough: Accelerating Failure Recovery in Production Data Center Networks,"Guo Chen, Youjian Zhao, Dan Pei, and Dan Li","ICDCS , Columbus, Ohio, USA",/wp-content/uploads/2015/12/F2Tree-ICDCS15.pdf,F2Tree-ICDCS15.pdf,1099506
2015,Rapid and Robust Impact Assessment of Software Changes in Large Internet-based Services,"Shenglin Zhang, Ying Liu, Dan Pei, Yu Chen, Xianping Qu, Shimin Tao, Zhi Zang ACM CoNEXT 2015 , Heidelberg, Germany, Dec 2015",,/wp-content/uploads/2015/12/conext15-final2.pdf,conext15-final2.pdf,634549
2015,Opprentice: Towards Practical and Automatic Anomaly Detection Through Machine Learning,"Dapeng Liu, Youjian Zhao, Haowen Xu, Yongqian Sun, Dan Pei, Jiao Luo, Xiaowei Jing, Mei Feng ACM IMC 2015 , Tokyo, Japan, Oct 2015",,/wp-content/uploads/2015/11/liu_imc15_Opprentice.pdf,liu_imc15_Opprentice.pdf,2360360
2015,Narrowing Down the Debugging Space of Slow Search Response Time,"Dapeng Liu, Youjian Zhao, Dan Pei, Chengbin Quan, Qingqian Tao, Pei Wang, Xiyang Chen, Dai Tan, Xiaowei Jing, Mei Feng IPCCC 2015 , Nanjing, China, Dec 2015",,/wp-content/uploads/2015/11/liu_ipccc15_focus.pdf,liu_ipccc15_focus.pdf,887653
2015,NDN Live Video Broadcasting over Wireless LAN,"Menghan Li, Dan Pei, Xiaoping Zhang, Beichuan Zhang and Ke Xu","ICCCN , Las Vegas, Nevada, USA",/wp-content/uploads/2015/11/NLB-ICCCN2015-paper.pdf,NLB-ICCCN2015-paper.pdf,264300
2015,MIFO: Multi-Path Interdomain Forwarding.,"Ming Zhu, Dan Li, Ying Liu, Dan Pei, K.K",Ramakrishnan and Jianping Wu,/wp-content/uploads/2015/12/mingzhu_mifo.pdf,mingzhu_mifo.pdf,696666
2015,Learning Thresholds for PV Change Detection from Operators&#8217; Labels,"Dapeng Liu, Youjian Zhao, Kaixin Sui, Shiwen Cheng, Dan Pei, Chengbin Quan, Jiao Luo, Xiaowei Jing, Mei Feng IPCCC 2015 , Nanjing, China, Dec 2015",,/wp-content/uploads/2015/11/liu_ipccc15_ptl.pdf,liu_ipccc15_ptl.pdf,706543
2015,How Bad Are The Rogues&#8217; Impact on Enterprise 802.11 Network Performance?,"Kaixin Sui, Youjian Zhao, Dan Pei, and Zimu Li","INFOCOM 2015 , Hongkong, China, April 27-30, 2015",/wp-content/uploads/2015/11/rap-paper.pdf,rap-paper.pdf,1331777
2015,Alleviating Flow Interference in Data Center Networks through Fine-grained Switch Queue Management,"Guo Chen, Youjian Zhao, Dan Pei",Elsevier Computer Networks,/wp-content/uploads/2015/12/CQRD-ComputerNetworks15.pdf,CQRD-ComputerNetworks15.pdf,1917016
2014,Multi-AS Cooperative Incoming Traffic Engineering in a Transit-Edge Separate Internet,"Yaodong Zhang, Yue Wang, Dan Pei, and Jian Yuan",Elsevier Computer Networks,/wp-content/uploads/2016/03/Multi-AS-cooperative-incoming-traffic-engineering-in-a-transit-edge-separate-internet-zhang2014.pdf,Multi-AS-cooperative-incoming-traffic-engineering-in-a-transit-edge-separate-internet-zhang2014.pdf,1345371
2014,Designing Buffer Capacity of Crosspoint-Queued Switch,"Guo Chen, Dan Pei, Youjian Zhao and Yongqian Sun IFIP NPC , Taiwan, Sept",2014,/wp-content/uploads/2015/12/chen_npc14_CQ.pdf,chen_npc14_CQ.pdf,576850
2014,CQRD: A Switch-based Approach to Flow Interference in Data Center Networks,"Guo Chen, Dan Pei, and Youjian Zhao IEEE LCN , Edmonton, Canada",Sept,/wp-content/uploads/2015/12/CQRD-LCN.pdf,CQRD-LCN.pdf,3143232
2014,Application-Aware Latency Monitoring for Cloud Tenants via CloudWatch+,"Dapeng Liu, Dan Pei, Youjian Zhao CNSM 2014 , Rio de Janeiro, Brazil, Nov 2014",,/wp-content/uploads/2015/11/liu_cnsm14_cloudwatchplus.pdf,liu_cnsm14_cloudwatchplus.pdf,1072121
2014,A Measurement Study on BGP AS Path Looping (BAPL) Behavior,"Shenglin Zhang, Ying Liu, Dan Pei IEEE ICCCN , Shanghai, China, August 2014",,/wp-content/uploads/2015/12/BAPL_publish_version.pdf,BAPL_publish_version.pdf,521305
